Keyword Phrase,"Category (R for relevant, D for design specific, I for irrelevant and B for branded, S for Spanish, O for Outlier)",ABA Total Click Share,ABA Total Conv. Share,Keyword Sales,Cerebro IQ Score,Relevancy,Search Volume,Search Volume Trend,H10 PPC Sugg. Bid,H10 PPC Sugg. Min Bid,H10 PPC Sugg. Max Bid,Sponsored ASINs,Competing Products,CPR,Title Density,Organic,Sponsored Product,Amazon Recommended,Amazon Choice,Highly Rated,Sponsored Brand Header,Sponsored Brand Video,Top Rated From Our Brand,Trending Now,Sponsored Rank (avg),Sponsored Rank (count),Amazon Recommended Rank (avg),Amazon Recommended Rank (count),B00O64QJOC,B08PH9Y6QS,B08KHD615K,B0D4LG7CRK,B0CSXXWMBC,B0C88J6M4X,B08543W8SH,B0DF1W28C5,B0F5PLRJ3Q,B0FC21BN9V
changing pad,R,28.9,15.2,589,2035,5,81406,-8,0.72,0.45,1.02,253,40000,135,42,1,1,1,0,0,1,1,0,0,15,3,20,9,2,6,9,15,15,10,4,22,8,16
baby changing pad,R,30.5,16.6,530,4598,6,32188,-3,0.76,0.49,1.03,272,7000,66,10,1,1,1,0,0,1,1,0,0,8,7,115,8,2,4,7,19,19,9,5,13,15,6
keekaroo peanut changing pad,B,87.2,83.8,214,63325,2,18491,-10,0.57,0.49,0.59,198,292,46,0,1,1,1,0,0,0,1,0,0,10,4,276,3,26,81,19,85,85,30,70,7,12,4
diaper changing pad,R,24.9,15.8,433,3312,5,16559,-11,0.63,0.4,0.94,221,5000,48,14,1,1,1,0,0,1,1,0,0,22,5,70,10,1,2,14,52,52,13,3,7,4,30
skip hop changing pad,B,81.4,45.6,144,36186,4,15596,2,0.55,0.32,0.8,345,431,43,0,1,1,1,0,0,0,1,0,0,23,5,272,3,18,48,35,5,5,37,38,8,22,3
changing pad for dresser,D,30.7,17.4,124,8469,8,8469,-9,0.7,0.48,0.96,229,1000,39,15,1,1,0,0,0,1,1,0,0,28,7,0,0,1,3,4,12,12,5,6,8,7,2
wipeable changing pad,I/D,42.4,25.3,60,11786,4,8462,-12,0.64,0.42,0.91,295,718,36,4,1,1,1,0,0,1,0,0,0,10,5,135,7,7,48,55,46,46,59,21,2,6,1
changing table pads,D,35.2,25.6,228,1326,5,7958,6,0.83,0.53,1.17,293,6000,34,1,1,1,0,0,0,1,1,0,0,15,7,0,0,7,1,3,19,19,8,2,33,13,24
cambiadores de pañales para bebes,R,24.6,20,35,15543,2,6839,-17,0.77,0.51,1,274,440,32,0,1,1,1,0,0,1,1,0,0,7,4,186,9,71,1,21,48,48,53,12,5,29,16
changing table pad,R,37.6,30.6,152,891,6,5348,8,0.78,0.52,1.07,256,6000,33,6,1,1,1,0,0,1,1,0,0,14,7,156,9,3,1,5,12,12,4,2,11,6,18
changing mat,D,32.5,22,143,535,1,5346,-3,0.68,0.43,0.84,344,10000,38,22,1,1,1,0,0,1,1,0,0,27,6,63,10,10,19,34,54,54,20,2,13,31,56
diaper changing station,,29,12.9,38,2413,1,4825,-19,0.95,0.43,1.59,202,2000,36,19,1,1,1,0,0,0,0,0,0,20,1,182,4,108,53,6,258,258,198,26,36,42,171
keekaroo changing pad,,81.1,65.2,29,11519,1,4619,-,0.62,0.53,0.86,245,401,30,0,1,1,1,0,0,1,1,0,0,10,5,272,3,21,49,43,30,30,36,46,13,28,6
bumbo changing pad,,85.5,45.5,10,11718,3,4617,14,0.74,0.6,1.18,223,394,30,0,1,1,1,0,0,0,1,0,0,8,5,260,4,16,27,19,30,30,22,29,5,9,4
baby changing mat,D,26.7,12.9,113,1422,4,4267,-11,0.74,0.4,0.87,285,3000,32,8,1,1,1,0,0,1,1,0,0,13,6,68,10,7,22,21,15,15,27,4,5,8,44
diaper changing mat,D,31.5,25,122,2033,3,4065,-2,0.77,0.44,0.94,219,2000,32,9,1,1,1,0,0,1,1,0,0,23,4,131,10,9,44,38,131,131,31,3,19,8,174
baby changing table dresser,,24.2,,11,4056,0,4056,-11,0.72,0.46,0.91,410,1000,31,5,1,1,1,0,0,0,1,0,0,34,1,196,5,197,125,40,136,136,189,90,14,86,175
cambiador de bebe,,27.7,,3,1135,3,3404,-5,0.6,0.49,0.99,265,3000,28,0,1,1,1,0,0,1,1,0,0,16,5,175,7,55,2,14,18,18,38,12,3,15,7
peanut changing pad,,69.9,44.5,11,9326,2,3404,-8,0.63,0.43,0.91,230,365,29,1,1,1,1,0,0,1,1,0,0,9,5,262,3,17,78,29,28,28,38,53,8,21,2
changing table topper,,31.8,11.1,41,9542,5,3397,-1,0.65,0.46,0.95,269,356,31,8,1,1,1,0,0,1,1,0,0,15,7,139,6,11,8,3,18,18,1,4,6,13,25
waterproof changing pad,,31.5,27.8,52,402,4,3213,-12,0.82,0.49,0.92,345,8000,30,6,1,1,1,0,0,1,1,0,0,19,5,66,10,2,21,76,53,53,26,8,5,3,14
keekaroo,B,80.4,80,17,21504,1,2946,-1,0.49,0.37,0.54,191,137,34,18,1,1,0,0,0,1,1,0,0,4,4,0,0,98,-,40,36,36,68,-,21,-,8
jool baby changing pad,,84.1,40.4,47,6634,5,2395,-16,0.52,0.48,0.84,258,361,27,1,1,1,1,0,0,1,1,0,0,11,6,103,2,15,11,1,16,16,9,75,4,8,5
keekaroo peanut changer,,92.8,93.8,20,33690,2,2392,-1,0.35,0.3,0.62,88,71,28,2,1,1,0,0,0,0,1,0,0,10,2,0,0,20,31,12,53,53,22,-,8,-,9
munchkin changing pad,,83.9,66.7,50,4928,4,2390,-19,0.67,0.51,1.09,330,485,27,0,1,1,1,0,0,0,1,0,0,17,7,291,2,1,7,12,19,19,14,4,9,17,37
changing table topper for dresser,,37.5,11.1,12,7604,7,2038,-12,0.68,0.51,0.96,303,268,28,3,1,1,0,0,0,1,1,0,0,15,7,0,0,20,26,5,6,6,7,9,4,-,8
changing pads,,22.9,22,73,45,2,1810,-10,1.18,0.85,1.56,366,40000,32,16,1,1,0,0,0,1,1,0,0,27,6,0,0,4,10,25,62,62,18,5,63,42,45
changing station,,24.7,7.1,7,174,0,1738,-12,1.04,0.46,1.5,230,10000,36,29,1,1,1,0,0,0,0,0,0,12,1,102,1,101,102,12,97,97,30,115,91,151,101
changing pad cover waterproof,,37,12.5,45,1736,0,1736,-14,0.6,0.43,0.85,339,1000,27,3,1,1,1,0,0,1,0,0,0,37,2,86,7,51,57,28,55,55,54,14,24,56,73
cambiador de pañales para bebes,,19.1,,11,3738,3,1585,-9,0.78,0.43,1.18,324,424,26,0,1,1,1,0,0,1,1,0,0,6,6,186,6,45,3,14,47,47,34,2,7,81,41
evolur changing pad,,90.9,66.7,9,5192,2,1355,-13,0.64,0.54,0.79,210,261,26,0,1,1,1,0,0,1,1,0,0,14,5,205,3,99,119,34,18,18,7,46,11,13,5
changing pad wipeable,,35.2,27.3,11,1594,4,1320,-10,0.74,0.59,0.96,245,828,26,1,1,1,1,0,0,0,1,0,0,10,5,112,2,6,43,36,35,35,41,21,1,4,2
hatch changing pad,,84.1,80,6,4620,2,1266,-14,0.56,0.55,0.73,186,274,26,0,1,1,1,0,0,0,1,0,0,7,4,212,2,9,50,44,21,21,25,42,14,35,6
baby diaper changing pad,,19.8,22.7,25,317,4,1266,-22,0.77,0.5,0.97,290,4000,28,6,1,1,1,0,0,1,1,0,0,15,7,53,10,8,2,24,43,43,6,4,15,12,67
delta changing table,,67.6,44.4,7,2836,1,1262,-11,0.73,0.46,0.92,213,445,26,0,1,0,0,0,0,0,0,0,0,0,0,0,0,139,228,122,161,161,152,6,217,-,-
waterproof changing pad for baby,,36.7,30.4,9,595,4,1189,39,0.88,0.66,1.1,194,2000,26,1,1,1,0,0,0,1,1,0,0,17,3,0,0,2,47,61,32,32,23,11,6,5,1
baby changing pad for dresser,,26,7.7,11,1189,10,1189,-20,0.6,0.42,0.9,265,1000,27,4,1,1,0,0,0,1,1,0,0,28,7,0,0,2,1,3,5,5,8,6,4,7,9
baby changing table pad,,38.4,32.3,5,572,5,1144,4,0.66,0.45,0.98,241,2000,26,0,1,1,1,0,0,1,1,0,0,8,7,90,9,13,1,2,11,11,8,3,15,7,18
diaper change pad,,23.4,14,36,229,3,1144,-13,0.75,0.5,1.02,269,5000,26,0,1,1,1,0,0,1,1,0,0,14,5,124,9,5,7,15,32,32,10,1,11,12,31
kekaroobaby peanut changer,B/I,81.2,66.7,11,14667,2,1144,-7,0.56,0.35,0.61,78,78,26,0,1,1,0,0,0,0,1,0,0,10,1,0,0,14,-,18,20,20,30,-,7,-,5
blissful diary,B,40.5,18.8,11,3915,2,1057,-10,0.5,0.35,0.65,141,270,28,9,1,1,1,0,0,0,0,0,0,1,1,23,3,0,-,-,20,20,-,-,9,-,-
changing pad waterproof,,33.8,14.3,11,112,6,895,4,0.82,0.58,1.05,188,8000,12,0,1,1,1,0,0,0,1,0,0,12,4,205,2,1,27,32,17,17,6,4,5,2,3
cambiador,,23.5,,-,3243,3,895,-12,0.77,0.62,1.28,193,276,12,0,1,1,1,0,0,0,1,0,0,3,3,145,4,38,7,11,17,17,16,14,4,29,8
graco changing pad,,89.2,76.9,16,1320,6,834,4,0.62,0.57,0.67,144,632,11,0,1,1,0,0,0,0,1,0,0,5,5,0,0,4,8,3,18,18,6,2,10,9,20
diaper changing table covers & pads,,30.7,,14,832,4,832,25,1.23,0.84,1.49,230,1000,11,0,1,1,0,0,0,1,1,0,0,29,3,0,0,1,21,3,38,38,7,4,18,41,36
wipe clean changing pad,,57.8,66.7,13,2195,3,832,-5,0.76,0.49,1.1,234,379,11,0,1,1,1,0,0,0,1,0,0,6,6,114,5,7,59,16,28,28,20,14,6,13,1
wipeable changing pad cover,,36.8,7.1,9,1371,1,832,-22,0.6,0.45,0.9,185,607,11,0,1,1,1,0,0,0,0,0,0,14,2,139,4,16,102,36,104,104,48,41,6,11,31
small changing pad,,26.2,8.3,16,21,0,832,-,0.8,0.53,1.01,156,40000,11,1,1,1,1,0,0,0,1,0,0,22,5,128,8,38,12,15,11,11,19,10,23,37,17
diaper pad changing mat,D,28.4,11.5,34,830,2,830,-13,0.8,0.55,1.05,115,1000,11,0,1,1,1,0,0,0,1,0,0,14,3,184,5,5,24,27,48,48,14,2,18,19,43
changing tables,,28.4,33.3,1,166,0,830,-,0.9,0.53,1.16,196,5000,11,2,1,0,0,0,0,1,0,0,0,0,0,0,0,53,51,68,63,63,80,11,57,72,124
changing table pad cover,,31.1,12,12,830,0,830,-37,0.67,0.45,0.95,210,1000,11,5,1,0,1,0,0,0,1,0,0,0,0,42,6,93,218,22,10,10,37,20,223,236,-
baby cribs 4 in 1 convertible with changing table,,42.3,37.5,1,2049,1,760,2,0.56,0.45,0.88,184,371,11,0,1,0,0,0,0,0,0,0,0,0,0,0,0,0,-,-,-,-,-,-,15,-,-
changing table mat,D,34.7,33.3,10,234,6,703,8,0.84,0.59,1.06,179,3000,10,0,1,1,1,0,0,1,1,0,0,12,7,167,9,4,2,7,15,15,16,1,8,5,22
silicone changing pad for baby,,41.2,28.6,2,1435,2,703,24,0.9,0.67,1.03,90,490,10,0,1,1,0,0,0,1,1,0,0,7,4,0,0,39,38,36,22,22,13,35,2,11,1
baby changing pads,,28.2,28.1,20,88,0,703,-9,1.21,0.94,1.42,203,8000,10,0,1,1,0,0,0,1,1,0,0,27,3,0,0,42,11,16,38,38,15,12,28,57,36
waterproof baby changing pad,,19.5,7.1,11,352,3,703,-,0.89,0.58,1.12,154,2000,10,4,1,1,1,0,0,1,1,0,0,13,4,109,8,3,43,42,31,31,14,11,2,6,26
baby changer pad,,36.6,20,7,912,7,701,-6,0.64,0.49,0.98,176,769,10,0,1,1,1,0,0,1,1,0,0,26,6,79,9,6,2,3,30,30,4,5,9,22,8
changing table mattress,D,50.5,71.4,11,701,6,701,-4,0.84,0.6,0.98,208,1000,10,0,1,1,1,0,0,0,1,0,0,10,5,270,4,17,1,3,7,7,4,2,13,14,59
toddler changing pad,,34.4,35.3,2,234,5,701,-9,0.79,0.53,1,133,3000,10,0,1,1,1,0,0,1,1,0,0,16,3,82,10,3,12,14,11,11,7,2,1,6,44
cambiador para bebe,,31,,1,1646,4,701,2,0.74,0.46,1.06,165,426,10,0,1,1,1,0,0,1,1,0,0,5,1,219,5,34,9,4,12,12,46,1,7,53,15
crib and changing table set,,34,,-,843,2,701,7,0.62,0.39,0.85,113,832,10,0,1,0,0,0,0,0,0,0,0,0,0,0,0,0,196,134,282,282,174,8,215,-,-
upseat changing pad,,90.3,66.7,3,2118,1,701,14,0.49,0.38,0.69,88,331,10,0,1,1,0,0,0,0,1,0,0,5,3,0,0,13,38,19,21,21,12,30,10,25,2
ubbi changing pad,,91.2,23.1,17,1673,1,701,12,0.73,0.52,0.93,119,419,10,0,1,1,0,0,0,0,1,0,0,21,5,0,0,18,103,50,41,41,49,45,9,17,13
delta children changing table,,57.1,66.7,2,1731,1,701,-2,0.73,0.5,1,112,405,10,0,1,0,0,0,0,0,0,0,0,0,0,0,0,197,141,-,69,69,86,5,78,-,-
changing pad baby,,21.6,6.7,12,88,6,701,-18,0.82,0.57,1.04,210,8000,10,1,1,1,1,0,0,1,1,0,0,30,2,89,8,1,2,4,18,18,8,7,13,16,5
changing pad for baby,,18.2,,11,88,5,701,-4,0.68,0.46,0.94,133,8000,10,4,1,1,0,0,0,1,1,0,0,27,5,0,0,3,2,4,14,14,9,5,11,79,13
changing pads for baby,,28.1,20,28,88,2,701,-6,1.19,0.9,1.36,184,8000,10,9,1,1,0,0,0,1,1,0,0,8,2,0,0,11,8,24,39,39,18,9,32,67,25
silicone changing pad,,57.5,22.2,5,1431,3,644,-15,0.73,0.5,1.09,99,450,10,0,1,1,1,0,0,0,1,0,0,3,3,223,4,23,35,22,14,14,15,31,5,4,1
mini changing pad,,32.5,12.5,7,927,0,644,-1,0.84,0.56,0.97,138,695,10,0,1,1,1,0,0,0,1,0,0,6,1,206,10,29,12,25,15,15,22,16,19,24,64
changing pad for changing table,,37.8,17.6,12,106,6,633,-3,0.88,0.58,1.12,144,6000,10,0,1,1,0,0,0,0,1,0,0,15,7,0,0,11,2,4,12,12,3,1,9,5,30
munchkin secure grip changing pad,,92.7,82.4,6,2776,5,633,-16,0.67,0.43,0.91,110,228,10,0,1,1,1,0,0,0,1,0,0,9,4,324,1,1,5,4,15,15,18,8,6,-,24
gathre changing mat,B,69.1,,2,2398,0,633,16,0.62,0.49,0.9,127,264,10,0,1,1,0,0,0,1,1,0,0,10,2,0,0,55,70,64,63,63,38,26,13,19,42
hatch grow smart changing pad,,94.7,75,-,4427,2,633,-16,0.62,0.57,0.67,69,143,10,1,1,1,0,0,0,1,1,0,0,12,2,0,0,10,83,90,19,19,28,70,5,21,4
toddler changing table,,23.5,33.3,3,316,0,631,-15,0.95,0.54,1.4,129,2000,10,1,1,0,0,0,0,0,1,0,0,0,0,0,0,83,113,76,153,153,61,12,121,-,261
jool changing pad,,91.9,33.3,3,2050,3,617,-7,0.49,0.46,0.61,84,301,10,0,1,1,1,0,0,1,1,0,0,15,2,25,1,12,8,1,15,15,10,35,4,36,22
diaper changing pad for dresser,,40.3,42.9,8,617,8,617,-25,0.8,0.62,0.94,163,1000,10,7,1,1,0,0,0,1,1,0,0,15,6,0,0,3,5,9,13,13,4,1,2,6,8
changing pad skip hop,,81.8,,3,1380,2,563,62,0.54,0.35,0.59,140,408,9,0,1,1,0,0,0,0,1,0,0,5,5,0,0,11,66,28,13,13,36,46,8,15,4
leather changing pad for baby,,47.1,30,13,998,2,562,-13,0.64,0.4,0.88,181,563,9,0,1,1,0,0,0,0,1,0,0,8,2,0,0,42,81,66,34,34,51,95,5,2,24
diaper changing pads,,29,44.5,32,112,2,562,-9,1.32,0.89,1.47,141,5000,9,5,1,1,0,0,0,1,0,0,0,8,2,0,0,9,11,39,59,59,29,5,35,66,41
changing pas,,40,25,9,13,5,527,-3,0.84,0.6,1.16,163,40000,9,0,1,1,1,0,0,1,1,0,0,10,6,165,4,2,3,13,10,10,5,4,9,85,27
naturepedic changing pad,,84.9,,4,1506,3,527,-20,0.71,0.62,0.79,178,350,9,0,1,1,0,0,0,0,1,0,0,19,6,0,0,3,17,8,34,34,2,12,11,23,18
wipeable changing mat,,29.9,27.8,10,1587,3,527,-2,0.78,0.61,1.09,174,332,9,0,1,1,1,0,0,0,0,0,0,9,2,108,4,12,25,27,45,45,40,18,4,2,3
baby changing pad wipeable,,41.7,75,6,700,4,527,-19,0.84,0.66,1.32,133,753,9,1,1,1,1,0,0,0,1,0,0,8,1,138,7,6,31,36,27,27,32,14,2,5,1
foam changing pad for baby,,36.5,,1,1038,5,525,41,0.61,0.5,0.73,164,506,9,0,1,1,0,0,0,0,1,0,0,18,7,0,0,18,10,12,5,5,6,1,14,16,7
changing topper for dresser,,51.3,,1,1591,4,525,-2,0.87,0.44,1.06,129,330,9,0,1,1,0,0,0,1,1,0,0,29,1,0,0,5,28,7,33,33,6,24,8,-,12
rubber changing pad,,38.9,,2,587,3,525,1,0.79,0.64,0.93,113,894,9,0,1,1,1,0,0,0,1,0,0,9,5,187,3,11,32,30,19,19,33,26,3,6,2
jool baby changing pad cover,,50,18.2,13,1952,1,525,-17,0.63,0.48,1.02,137,269,9,0,1,1,1,0,0,0,1,0,0,12,2,1,1,46,91,4,79,79,61,85,33,-,95
baby changing,,23.5,,1,9,4,525,-13,0.9,0.65,1.02,97,60000,9,25,1,0,1,0,0,0,0,0,0,0,0,176,9,30,16,4,40,40,9,7,23,8,53
hatch baby changing pad,,97.2,100,2,1302,4,478,7,0.78,0.48,0.86,103,367,8,0,1,1,0,0,0,1,1,0,0,4,4,0,0,6,24,28,9,9,10,25,8,17,41
mueble cambiador para bebe,,50,,-,1275,1,478,-7,0.8,0.47,1.08,172,375,8,0,1,0,0,0,0,0,0,0,0,0,0,0,0,141,114,6,68,68,95,29,43,35,131
contoured changing pads,,37.9,20,3,572,5,475,-18,0.73,0.56,0.9,104,831,8,0,1,1,0,0,0,1,1,0,0,6,6,0,0,2,7,4,10,10,5,1,12,24,31
blissful diary baby changing pad,,63.2,6.3,9,1503,4,475,-28,0.77,0.58,0.83,126,316,8,0,1,1,1,0,0,1,1,0,0,20,3,2,3,44,55,10,2,2,17,15,1,6,24
changing tray for dresser,,48.3,,1,862,3,475,-10,0.73,0.31,1,203,551,8,0,1,1,0,0,0,1,1,0,0,12,7,0,0,22,64,15,39,39,8,40,3,-,7
baby changer,,30.8,,0,95,3,475,-11,0.96,0.74,1.31,96,5000,8,1,1,1,1,0,0,0,1,0,0,11,2,96,6,21,43,10,28,28,7,8,4,-,17
peanut changer,,70.4,75,8,2975,2,473,-12,0.66,0.49,0.71,102,159,8,6,1,1,0,0,0,0,0,0,0,8,1,0,0,43,40,34,56,56,21,-,8,26,7
dresser with changing table top,,29.8,33.3,1,631,1,473,-45,0.79,0.42,1.12,304,750,8,11,1,0,0,0,0,0,0,0,0,0,0,0,0,115,136,4,148,148,15,130,21,-,-
dresser changing table topper,,35.1,,1,1336,7,469,-11,0.75,0.47,0.85,143,351,8,0,1,1,0,0,0,1,1,0,0,13,6,0,0,9,16,2,6,6,4,10,8,26,7
diaper mat changing pad,D,38.4,10.5,5,469,2,469,-9,0.81,0.55,1.02,108,1000,8,0,1,1,0,0,0,1,1,0,0,7,2,0,0,6,36,25,59,59,26,3,19,31,51
rubber changing pad for baby,,57.8,75,1,846,4,468,-5,0.87,0.62,1.14,230,553,8,0,1,1,0,0,0,1,1,0,0,13,6,0,0,18,33,28,22,22,38,8,5,6,1
changing oad,,35.7,,7,12,5,466,-8,0.84,0.58,1.11,131,40000,8,0,1,1,1,0,0,1,1,0,0,10,6,278,3,2,4,16,19,19,9,5,8,11,10
jool baby,,50.6,23.1,13,6853,2,466,-23,0.64,0.51,0.81,62,68,8,25,1,1,1,0,0,1,0,0,0,4,1,62,1,0,-,6,-,-,31,-,-,-,-
diaper changing,,32.8,,1,23,2,466,-12,0.84,0.59,1.15,160,20000,8,27,1,1,1,0,0,0,0,0,0,9,1,168,5,3,26,18,48,48,17,4,20,14,19
snoofybee changing pad,,91.4,71.4,3,1656,0,462,43,0.62,0.43,0.75,142,279,8,0,1,1,0,0,0,1,1,0,0,15,3,0,0,44,35,23,100,100,22,36,19,17,10
changing mat for dresser,,25.4,,2,832,8,462,-,0.69,0.56,0.82,130,555,8,1,1,1,0,0,0,1,1,0,0,14,2,0,0,1,6,4,15,15,7,2,5,3,9
diaper change pad for dresser,,43.8,,6,461,7,461,22,0.79,0.57,1.01,76,1000,8,0,1,1,0,0,0,1,0,0,0,8,3,0,0,1,4,2,12,12,6,5,9,10,7
trocador de bebe,,25.5,33.3,3,2899,2,461,-10,0.55,0.39,0.78,77,159,8,0,1,0,0,0,0,0,1,0,0,0,0,0,0,137,7,15,30,30,33,2,10,12,69
plastic changing pad,,48.4,40,1,625,5,459,-8,0.82,0.53,1.03,153,734,8,0,1,1,1,0,0,0,1,0,0,3,3,207,6,6,14,30,34,34,65,1,3,9,5
changing tray,,48.5,,1,46,2,459,-11,0.68,0.44,1.01,175,10000,8,5,1,1,1,0,0,0,0,0,0,4,2,233,1,11,34,27,32,32,7,23,3,21,55
colchón para cambiador de bebe,,38.8,100,1,1402,5,457,-25,0.74,0.47,0.85,131,326,8,0,1,1,1,0,0,1,1,0,0,4,3,315,2,26,1,4,23,23,7,3,8,13,57
baby changing pad waterproof,,26.2,33.3,9,228,4,455,-9,0.81,0.56,1.04,160,2000,8,0,1,1,1,0,0,0,1,0,0,5,6,50,4,1,23,29,32,32,12,4,2,6,22
wipeable baby changing pad,,33.3,16.7,1,612,4,455,-8,0.7,0.52,0.9,191,744,8,3,1,1,0,0,0,0,1,0,0,13,2,0,0,1,39,30,53,53,15,25,2,6,7
changing table pad for dresser,,31.6,25,10,454,9,454,-6,0.83,0.61,0.89,126,1000,8,0,1,1,0,0,0,1,1,0,0,25,6,0,0,5,4,3,6,6,2,1,9,11,8
baby changing pad covers,,29.2,,7,227,0,454,3,0.54,0.45,0.67,131,2000,8,4,1,0,0,0,0,1,1,0,0,0,0,0,0,34,161,12,115,115,22,24,108,241,275
leander matty changing pad,,84.4,,1,1693,2,452,-7,0.67,0.55,0.88,193,267,8,0,1,1,1,0,0,0,1,0,0,10,7,328,1,24,55,25,18,18,22,41,11,7,4
hatch scale changing pad,,94.4,100,3,2392,0,452,-16,0.65,0.59,0.71,84,189,8,0,1,1,0,0,0,1,1,0,0,13,4,0,0,18,29,32,113,113,28,27,16,20,12
pink changing pad,,36.9,40,1,448,2,448,-8,,,,115,1000,8,1,1,1,1,0,0,0,1,0,0,9,4,198,1,103,117,68,46,46,2,64,20,3,27
large changing pad,,37.5,16.7,6,11,3,447,-2,0.91,0.63,1.23,139,40000,8,0,1,1,1,0,0,1,1,0,0,9,6,140,7,8,12,20,7,7,19,22,34,10,36
waterproof diaper changing pad,,25.4,8.3,10,224,2,447,-10,0.9,0.62,1.1,175,2000,8,1,1,1,1,0,0,0,1,0,0,19,4,113,6,1,83,59,20,20,28,5,13,16,18
changing table top,,38.8,,-,883,5,447,-11,0.77,0.55,1.07,193,506,8,3,1,1,1,0,0,0,1,0,0,8,1,291,2,17,5,1,12,12,3,25,7,11,8
skip hop baby changing pad,,88.1,44.4,3,943,3,445,-13,0.53,0.48,0.71,109,472,8,0,1,0,0,0,0,0,1,0,0,0,0,0,0,21,95,22,17,17,24,85,4,6,3
changing pad keekaroo,,78.6,100,1,1271,1,445,-9,0.52,0.42,0.77,143,350,8,0,1,1,0,0,0,1,1,0,0,17,5,0,0,23,45,19,38,38,27,31,13,21,6
infant changing table,,36.6,50,3,111,1,445,-1,1.14,0.56,1.55,123,4000,8,1,1,0,1,0,0,0,0,0,0,0,0,178,1,128,41,7,119,119,19,85,159,66,113
munchkin diaper changing pad,,88.2,87.5,10,907,2,441,-21,0.88,0.64,1.09,128,486,8,0,1,0,1,0,0,0,1,0,0,0,0,328,1,1,23,20,33,33,27,7,10,70,38
organic changing pad,,60.4,,4,775,3,441,-9,0.98,0.7,1.09,199,569,8,2,1,1,1,0,0,0,1,0,0,28,6,197,3,52,13,6,24,24,1,58,9,23,83
changing pad with cover,,32.7,,5,44,8,440,-13,0.68,0.51,0.97,190,10000,8,1,1,1,1,0,0,1,1,0,0,12,7,66,8,9,7,2,4,4,5,1,10,6,64
changing,,37.2,,1,44,4,438,-13,0.67,0.48,0.82,239,10000,8,47,1,1,1,0,0,1,1,0,0,24,4,135,3,19,8,3,12,12,5,1,17,62,27
keababies changing pad,,84.6,25,2,1136,2,433,-8,0.52,0.48,0.75,104,381,8,0,1,1,0,0,0,1,0,0,0,14,6,0,0,31,98,41,6,6,49,54,74,35,56
kids foam mat,,25.9,16.7,1,87,1,433,-11,0.83,0.55,0.97,204,5000,8,0,1,0,0,0,0,0,0,0,0,0,0,0,0,0,-,-,-,-,-,15,-,-,-
changing pad with scale,,55.1,25,-,1598,0,433,-10,1.04,0.85,1.23,188,271,8,0,1,1,0,0,0,1,0,0,0,21,4,0,0,12,32,10,76,76,21,70,27,42,24
dresser changing pad,,32.3,50,-,431,7,431,-7,0.62,0.52,0.87,111,1000,8,0,1,1,1,0,0,1,1,0,0,10,7,246,6,2,3,8,17,17,4,10,9,6,1
changing topper,,45.7,,1,703,4,431,-15,0.6,0.48,0.85,164,613,8,6,1,1,1,0,0,1,0,0,0,5,1,121,3,5,12,8,17,17,3,10,9,-,26
avocado changing pad cover,,50,,1,1907,2,429,-23,,,,72,225,8,0,1,1,1,0,0,0,0,0,0,12,2,239,2,72,-,31,5,5,-,-,48,-,-
baby changing topper for dresser,,52.9,,8,1095,6,428,-12,0.81,0.52,1.14,118,391,8,0,1,1,0,0,0,1,1,0,0,7,5,0,0,8,25,3,9,9,2,12,7,27,24
diaper mat,,40.7,26.7,8,143,1,428,-10,0.69,0.55,1.1,170,3000,8,1,1,1,1,0,0,0,1,0,0,14,4,7,1,16,147,36,45,45,92,5,101,32,89
blissful diary changing pad,,47.9,25,1,2173,5,426,-11,0.58,0.43,0.73,125,196,8,0,1,1,1,0,0,1,1,0,0,9,5,14,3,43,30,5,2,2,7,25,1,22,13
cambiador bebe,,22.7,,1,142,3,426,-11,,,,170,3000,8,0,1,1,1,0,0,1,1,0,0,13,4,144,3,41,1,16,29,29,44,18,2,23,9
travel changing table,,55.6,50,2,85,0,426,-11,0.96,0.61,1.48,167,5000,8,0,1,1,0,0,0,0,0,0,0,19,2,0,0,66,151,67,97,97,186,12,106,62,160
woddle smart changing pad,,97.4,50,2,2019,1,424,1,0.73,0.42,0.83,88,210,8,0,1,1,0,0,0,1,0,0,0,3,2,0,0,11,31,30,80,80,23,32,15,19,3
hatch changing table,,88,,-,1843,1,424,-17,0.81,0.47,1.16,52,230,8,0,1,0,0,0,0,0,1,0,0,0,0,0,0,4,-,-,15,15,-,-,11,-,46
waterproof changing mat,,27.1,10,7,211,1,421,-10,0.76,0.56,1.09,200,2000,8,1,1,1,1,0,0,1,1,0,0,26,2,185,2,25,153,81,63,63,57,8,16,21,32
kekaroobaby changing pad,,84.6,100,2,1167,1,419,61,0.68,0.46,0.75,132,359,8,0,1,1,0,0,0,1,1,0,0,25,6,0,0,21,60,12,28,28,36,38,15,11,4
infant changing pad,,32.1,37.5,9,84,6,419,-17,0.91,0.61,1.14,197,5000,8,1,1,1,1,0,0,1,1,0,0,17,7,125,8,2,1,6,16,16,4,3,5,40,38
changing pads for changing table,,32.5,18.2,5,69,5,415,9,1.75,1.23,2.42,152,6000,8,0,1,1,0,0,0,0,1,0,0,9,7,0,0,11,3,10,8,8,9,2,19,14,30
chnaging pad,,39.4,,1,10,4,415,-6,1.03,0.8,1.28,169,40000,8,0,1,1,1,0,0,1,1,0,0,6,5,395,1,2,4,11,33,33,10,5,25,13,7
changing table for dresser,,31.9,50,1,83,8,414,-10,0.75,0.51,1.03,154,5000,8,0,1,1,0,0,0,1,1,0,0,15,3,0,0,5,32,4,6,6,2,19,1,3,7
babyletto changing pad,,89.6,100,2,1081,4,414,-14,0.56,0.53,0.68,137,383,8,0,1,1,1,0,0,0,1,0,0,7,3,285,2,2,10,8,17,17,6,14,7,19,96
changing table tray,,50,,-,414,0,414,-5,0.6,0.53,0.67,132,1000,8,0,1,0,0,0,0,0,0,0,0,0,0,0,0,40,-,42,85,85,13,36,41,-,-
keekaroo peanut changer baby vanilla– the original made in usa easy-to-clean changing pad and the on,,100,100,2,4000,2,412,-11,0.91,0.64,1.02,31,103,8,0,1,1,0,0,0,0,1,0,0,10,1,0,0,24,-,14,54,54,-,64,5,9,12
pink changing table,,40.7,,3,82,1,412,-10,0.86,0.45,1.13,124,5000,8,0,1,0,0,0,0,0,1,0,0,0,0,0,0,0,-,-,-,-,15,-,132,136,-
changing pad cover wipeable,,47.1,16.7,1,669,1,405,-7,0.71,0.55,0.96,123,605,8,0,1,1,0,0,0,0,1,0,0,15,4,0,0,15,107,37,69,69,43,30,3,11,28
diaper change mat,,33.3,,6,203,1,405,-11,0.86,0.57,1.05,152,2000,8,0,1,1,0,0,0,1,1,0,0,12,1,0,0,13,95,30,132,132,92,4,58,10,62
baby changing table topper,,31.6,,-,981,5,403,-6,0.75,0.5,0.9,164,411,8,0,1,1,1,0,0,1,1,0,0,13,6,209,7,6,9,1,14,14,2,11,8,-,23
wipe down changing pad,,51.6,,-,703,4,403,-18,0.56,0.45,0.89,162,573,8,0,1,1,1,0,0,1,1,0,0,6,6,198,5,9,51,24,15,15,28,18,4,5,1
diaper changer,,32.4,,1,489,3,401,-8,0.92,0.63,1.3,113,820,8,7,1,1,1,0,0,0,1,0,0,10,1,180,2,14,22,17,27,27,5,6,1,90,18
waterproof changing pads,,36,100,7,57,3,400,-23,0.74,0.56,0.95,167,7000,8,1,1,1,0,0,0,0,0,0,0,6,1,0,0,2,78,53,35,35,21,4,9,11,18
changing pad for bed,,32.4,14.3,2,100,3,398,-14,0.8,0.62,1.04,149,4000,8,0,1,0,0,0,0,0,1,0,0,0,0,0,0,30,8,9,14,14,2,21,12,10,34
wipeable changing pad for dresser,,54,,1,702,4,394,-20,0.8,0.6,1.03,133,561,8,1,1,1,0,0,0,0,1,0,0,8,6,0,0,4,40,30,32,32,19,12,1,3,2
changing table mattress pad,,43.9,33.3,4,397,5,393,-8,0.83,0.39,1.19,190,991,8,0,1,1,1,0,0,0,1,0,0,19,7,240,3,13,2,3,5,5,11,1,16,20,27
foam changing pad,,,,1,729,5,393,-9,0.59,0.44,0.74,151,539,8,4,1,1,1,0,0,1,1,0,0,11,7,154,7,22,4,17,5,5,12,1,18,19,6
ava and oliver changing mat,,75.6,,2,2091,0,389,-18,0.64,0.45,0.89,78,186,8,0,1,0,0,0,0,1,1,0,0,0,0,0,0,111,136,57,40,40,37,104,18,10,79
blissful diary changing pad cover,,55.8,50,3,1588,3,389,-19,0.66,0.54,0.99,182,245,8,1,1,1,1,0,0,1,1,0,0,17,3,25,3,94,143,30,5,5,78,-,3,84,-
baby diaper changing mat,,28.9,20,4,195,1,389,-17,0.78,0.54,1.02,158,2000,8,4,1,1,1,0,0,1,1,0,0,42,5,20,1,5,88,35,40,40,34,24,14,45,73
silicone baby changing pad,,,,-,808,2,387,-23,0.79,0.44,1.04,78,479,8,0,1,1,0,0,0,0,1,0,0,10,2,0,0,38,36,37,19,19,20,26,4,13,2
portable changing mat baby,,42.2,,4,480,0,387,4,0.78,0.45,1.06,103,806,8,0,1,1,0,0,0,1,1,0,0,12,1,0,0,119,209,15,163,163,178,203,85,61,159
baby changing mat waterproof,,33.3,25,6,386,2,386,-4,0.7,0.51,0.9,168,1000,8,0,1,1,1,0,0,1,1,0,0,40,4,33,1,14,116,37,28,28,29,5,10,7,41
change pad,,36.8,50,6,10,6,384,-11,0.79,0.56,1.11,165,40000,8,0,1,1,1,0,0,1,1,0,0,28,4,78,7,1,2,4,20,20,8,3,21,9,13
mallify,,64.5,,1,12800,2,384,-13,1.37,0.86,1.81,2,30,8,3,1,0,0,0,0,0,0,0,0,0,0,0,0,0,-,-,-,-,-,-,-,-,3
organic cotton changing pad cover,,40.4,,12,1000,0,382,-16,0.95,0.69,1,95,382,8,5,1,1,1,0,0,0,0,0,0,10,1,34,1,74,246,65,-,-,12,232,130,-,-
bumbo changing pad cover,,53.9,,3,995,0,380,4,,,,142,382,8,0,1,1,0,0,0,0,1,0,0,14,1,0,0,30,90,47,75,75,69,54,13,-,287
hatch changing pad scale,,91.2,,1,9718,1,379,-7,0.89,0.51,1.31,25,39,8,0,1,1,0,0,0,0,0,0,0,7,1,0,0,0,20,-,22,22,19,-,12,-,-
black changing pad,,61.5,50,1,76,0,379,-5,0.59,0.48,0.75,154,5000,8,0,1,1,0,0,0,1,1,0,0,4,5,0,0,64,82,50,14,14,42,56,30,12,41
organic changing pad for baby,,60,83.3,-,-,3,377,-,,,,36,0,8,0,1,1,0,0,0,0,1,0,0,27,4,0,0,46,27,4,19,19,1,34,6,24,72
尿布台,,37.1,100,-,8021,2,377,-21,,,,45,47,8,0,1,0,0,0,0,0,0,0,0,0,0,0,0,0,-,7,-,-,15,-,-,-,-
dresser top changing pad,,30.9,14.3,3,617,9,373,-,0.66,0.52,1.1,116,605,8,0,1,1,1,0,0,1,1,0,0,9,5,153,10,1,10,2,3,3,4,9,5,7,6
delta children changing pad,,,,5,785,3,373,-2,,,,146,475,8,0,1,1,1,0,0,0,1,0,0,13,4,6,1,31,18,14,17,17,6,1,8,24,76
changing pad 27 x 16,,41.9,,3,1113,4,373,-3,0.76,0.53,0.9,146,335,8,1,1,1,1,0,0,0,1,0,0,3,2,328,2,16,17,5,9,9,7,10,12,54,28
skip hop oat changing pad,,97.4,75,1,2514,1,372,-13,,,,76,148,8,0,1,1,0,0,0,0,1,0,0,9,4,0,0,26,44,30,21,21,37,39,13,19,3
washable changing pad,,25,50,1,62,0,370,-14,0.97,0.7,1.4,101,6000,8,0,1,1,1,0,0,0,0,0,0,14,6,132,6,44,104,12,18,18,11,59,34,13,22
changing diaper pad,,,,4,74,5,368,-5,0.71,0.44,1.01,134,5000,8,0,1,1,0,0,0,1,1,0,0,14,4,0,0,2,3,8,41,41,14,1,11,24,9
extra large changing pad,,37.5,,2,9,2,368,-9,0.82,0.5,1.13,189,40000,8,0,1,1,1,0,0,0,1,0,0,16,1,332,2,113,39,15,16,16,28,8,27,5,26
diaper change,,,,1,18,4,368,-8,0.93,0.68,1.12,154,20000,8,2,1,0,1,0,0,0,1,0,0,0,0,236,2,3,14,2,46,46,9,8,12,24,25
narrow changing pad,,,,-,902,3,367,42,,,,144,407,8,0,1,1,1,0,0,1,1,0,0,15,7,336,2,31,14,21,6,6,12,33,9,20,15
baby changing pad for dresser top,,,,3,556,7,363,43,0.67,0.42,0.72,150,653,8,0,1,1,0,0,0,1,1,0,0,5,4,0,0,2,6,1,11,11,3,12,4,7,5
changing pad mattress,,,,2,182,7,363,5,0.81,0.53,1,82,2000,8,0,1,1,1,0,0,1,1,0,0,5,3,235,3,7,2,5,9,9,4,3,18,11,27
baby diaper changing station,,22.2,,3,182,1,363,-18,0.79,0.58,1.25,129,2000,8,2,1,0,1,0,0,0,0,0,0,0,0,57,1,111,130,8,152,152,27,273,121,65,72
jool baby waterproof baby changing pad,,92.3,40,9,1011,5,361,-24,0.69,0.49,0.73,87,357,8,1,1,1,0,0,0,1,1,0,0,3,1,0,0,8,167,2,23,23,5,22,4,11,3
leather changing mat,,46.2,33.3,3,1570,0,361,-7,0.51,0.42,0.69,162,230,8,3,1,1,1,0,0,1,1,0,0,12,3,56,1,119,164,120,109,109,134,136,18,14,94
newborn changing pad,,22.2,,4,120,4,360,-9,1.08,0.58,1.39,108,3000,8,0,1,1,1,0,0,1,1,0,0,4,3,188,1,7,23,3,29,29,5,14,4,24,19
contoured changing pad for baby,,,,4,-,6,358,-,,,,0,0,8,0,1,0,0,0,0,1,1,0,0,0,0,0,0,2,11,1,5,5,4,3,15,16,27
skip hop pronto changing pad,,92.9,50,-,1121,1,353,-11,,,,75,315,8,0,1,0,0,0,0,1,0,0,0,0,0,0,0,29,73,37,20,20,25,49,8,34,11
skip hop changing station,,76,,1,1157,0,353,8,0.72,0.44,1.04,145,305,8,0,1,1,0,0,0,0,0,0,0,22,1,0,0,31,93,27,15,15,32,50,13,-,-
universal changing table topper,,,,1,1950,2,353,-10,0.64,0.39,0.86,111,181,8,2,1,1,0,0,0,1,1,0,0,8,6,0,0,24,51,9,20,20,5,16,34,-,-
changing station pad,,36.9,,1,176,4,351,-16,0.77,0.5,1.09,227,2000,8,0,1,1,1,0,0,1,1,0,0,8,6,112,8,6,18,1,11,11,12,2,16,5,81
diaper changing pad wipeable,,34.3,,4,488,4,351,-,,,,91,719,8,0,1,1,1,0,0,0,1,0,0,10,4,181,3,2,46,51,31,31,22,11,1,5,3
changing pad silicone,,44,,4,703,3,351,54,0.77,0.4,0.92,135,499,8,0,1,1,0,0,0,0,1,0,0,17,6,0,0,28,36,22,16,16,17,31,4,5,1
baby scale changing pad,,64,,1,889,0,351,-18,0.78,0.52,0.99,184,395,8,0,1,1,0,0,0,1,1,0,0,23,3,0,0,49,56,24,36,36,19,-,16,23,15
silicone diaper changing pad,,,,-,737,3,347,-14,,,,89,471,8,0,1,1,1,0,0,0,0,0,0,13,3,151,1,23,73,18,24,24,8,20,3,32,2
wipable changing pad,,41.9,,1,481,4,346,10,1.1,0.88,1.4,85,719,8,0,1,1,1,0,0,0,0,0,0,2,3,127,3,7,48,55,50,50,59,19,2,4,1
diaper changing table pad,,,,1,172,5,344,-7,0.92,0.68,1.24,147,2000,8,4,1,1,1,0,0,1,1,0,0,7,6,130,5,3,2,10,18,18,4,1,11,8,23
joolbaby changing pad,,,,-,942,4,342,-31,,,,57,363,8,0,1,1,1,0,0,1,1,0,0,7,1,33,1,14,32,1,17,17,7,31,20,8,4
mini crib changing pad,,,,1,958,0,342,-7,,,,99,357,8,0,1,1,0,0,0,0,0,0,0,8,2,0,0,42,13,12,26,26,11,10,33,16,23
non slip changing pad for dresser,,28.1,50,1,714,7,340,-4,,,,144,476,8,0,1,1,0,0,0,0,1,0,0,13,7,0,0,1,3,2,10,10,6,19,4,9,8
serta changing pad,,,,4,1435,3,340,-24,0.83,0.57,1.22,83,237,8,0,1,1,0,0,0,0,1,0,0,3,3,0,0,10,8,12,17,17,7,4,14,15,20
skip hop wipe clean changing pad,,83.3,50,3,1123,2,339,-20,0.53,0.37,1,105,302,8,0,1,1,0,0,0,0,1,0,0,2,2,0,0,10,67,26,36,36,31,132,4,19,2
changing pad -cover,,,,1,442,1,337,436,,,,12,762,8,0,1,0,0,0,0,0,0,0,0,0,0,0,0,13,52,2,51,51,34,33,43,-,97
changing pad for dresser top,,37.5,25,1,553,9,337,5,0.77,0.58,0.97,111,609,8,3,1,1,0,0,0,1,1,0,0,4,6,0,0,1,8,3,2,2,6,10,5,7,9
keekaroo changing table,,,,1,7444,1,335,-,,,,24,45,8,0,1,0,0,0,0,1,1,0,0,0,0,0,0,93,57,16,175,175,90,-,3,-,129
leather changing pad,,41.9,,1,743,3,333,-9,0.56,0.41,0.65,83,448,8,0,1,1,1,0,0,1,1,0,0,14,2,31,2,0,80,149,70,70,93,61,2,5,50
mueble para cambiar pañales de bebe,,44,,-,1914,2,333,-22,1.09,0.85,1.43,119,174,8,0,1,0,0,0,0,0,0,0,0,0,0,0,0,0,-,8,173,173,-,35,-,-,-
skip hop baby changing pad nursery style wipe-clean contoured with cushioned foam oat,,96.8,77.8,7,1919,3,332,-31,,,,65,173,8,0,1,1,0,0,0,0,1,0,0,3,2,0,0,6,22,19,27,27,13,16,2,32,5
water proof changing pad,,,,3,41,5,330,-17,0.91,0.55,1.28,116,8000,8,0,1,1,1,0,0,1,0,0,0,11,4,179,7,1,27,23,31,31,14,7,5,8,6
changing pad for table,,,,5,55,8,328,494,,,,128,6000,8,0,1,1,0,0,0,1,1,0,0,19,6,0,0,3,1,5,9,9,7,4,15,8,10
green changing table,,48.1,,-,47,1,326,-8,,,,125,7000,8,0,1,0,0,0,0,0,1,0,0,0,0,0,0,0,-,-,20,20,122,-,13,-,-
skip hop changing table,,88,,-,1016,3,325,-34,,,,115,320,8,0,1,1,0,0,0,0,1,0,0,3,1,0,0,17,89,41,20,20,79,-,2,9,3
peanut changing table,,,,-,1128,2,325,-30,0.8,0.47,1.05,100,288,8,0,1,0,0,0,0,1,0,0,0,0,0,0,0,83,-,5,15,15,29,-,3,-,11
toddler changing mat,,,,2,330,4,323,-15,0.75,0.49,0.84,188,980,8,0,1,1,1,0,0,0,1,0,0,9,3,283,4,34,74,19,9,9,27,2,12,6,45
vegan leather baby changing pad,,44.8,,3,1238,2,323,70,,,,112,261,8,3,1,1,1,0,0,1,1,0,0,3,2,33,2,56,53,101,15,15,45,36,2,1,54
changing table cushion,,,,5,396,6,319,10,,,,203,805,8,0,1,1,1,0,0,1,1,0,0,13,6,300,2,7,4,1,15,15,3,2,12,6,32
dresser top changing table,,56,100,1,319,5,319,126,,,,24,1000,8,0,1,1,0,0,0,1,0,0,0,5,1,0,0,11,36,2,9,9,3,57,10,20,5
cambiador de silicona para bebes,,,,1,1477,4,319,-10,0.72,0.4,1.01,100,216,8,0,1,0,1,0,0,0,1,0,0,0,0,321,2,23,31,19,8,8,11,41,6,17,1
davinci changing pad,,,,3,769,4,319,-6,1.49,1.06,1.84,160,415,8,0,1,1,1,0,0,1,1,0,0,19,4,450,1,2,11,6,41,41,3,5,19,12,50
changing pad pink,,,,1,319,2,319,34,,,,52,1000,8,0,1,1,0,0,0,1,1,0,0,7,6,0,0,83,120,26,82,82,1,66,36,5,28
davinci kalani dresser,,79.3,,-,1688,2,319,-17,0.49,0.32,0.75,112,189,8,0,1,0,0,0,0,0,0,0,0,0,0,0,0,0,-,5,-,-,-,-,-,-,-
munchkin secure grip waterproof diaper changing pad 16x31,,,,9,1152,7,318,-5,0.85,0.8,0.9,96,276,8,0,1,1,0,0,0,0,1,0,0,12,2,0,0,1,3,16,5,5,8,4,9,11,69
keekaroo dupe,,,,-,2255,3,318,172,,,,56,141,8,0,1,1,0,0,0,0,0,0,0,3,4,0,0,0,-,-,15,15,20,-,3,-,8
kangaroo changing pad,,80.6,,-,1056,2,318,-10,0.65,0.55,1.07,112,301,8,0,1,1,0,0,0,0,1,0,0,7,3,0,0,37,12,10,21,21,15,33,6,14,3
pad for changing table,,40,50,2,53,5,316,1,,,,107,6000,8,0,1,1,0,0,0,1,1,0,0,11,6,0,0,5,2,3,12,12,4,1,18,10,15
plastic changing pad cover,,,,5,677,2,316,28,,,,69,467,8,0,1,0,0,0,0,0,1,0,0,0,0,0,0,31,77,36,57,57,72,3,6,22,288
ubbi foam changing pad,,96.9,,-,1117,5,314,44,,,,63,281,8,0,1,1,0,0,0,0,1,0,0,17,1,0,0,20,39,19,9,9,10,7,6,15,4
wipe clean baby changing pad,,,,1,-,4,314,-,,,,12,0,8,0,1,1,1,0,0,0,0,0,0,8,2,80,2,9,79,24,32,32,25,51,3,7,1
woddle baby changing pad,,,,-,770,2,314,3,0.58,0.4,0.89,93,408,8,0,1,1,0,0,0,1,1,0,0,5,2,0,0,11,42,23,39,39,16,6,15,12,3
changing pad non slip,,,,-,306,7,306,53,,,,63,1000,8,0,1,1,1,0,0,1,1,0,0,19,4,180,2,1,5,2,6,6,3,10,11,12,8
"munchkin secure grip baby diaper changing pad for dresser, waterproof and wipeable, contoured, stand",,,,-,887,7,306,-25,,,,58,345,8,0,1,1,0,0,0,0,1,0,0,4,3,0,0,1,6,16,11,11,7,8,2,3,5
changing pad toddler,,,,1,102,5,306,74,,,,74,3000,8,0,1,1,1,0,0,0,1,0,0,14,4,252,1,5,9,11,12,12,4,2,1,10,13
chaning pad,,,,-,8,5,306,3,,,,153,40000,8,0,1,1,0,0,0,1,1,0,0,16,3,0,0,3,2,6,14,14,9,4,17,15,12
ava oliver vegan leather baby changing mat,,,,-,3588,3,305,12,0.77,0.47,0.96,40,85,8,0,1,1,0,0,0,1,1,0,0,6,1,0,0,0,49,-,-,-,39,-,4,3,-
